Certainly! Here is the equivalent Java test class using JUnit, placed in the package `org.real.temp` and named `Tester`. The test cases will use JUnit annotations and assertions to ensure the functionality and logic are preserved.

```java
package org.real.temp;

import org.junit.Test;
import static org.junit.Assert.assertEquals;

/**
 * Test class for converting snake_case strings to CamelCase.
 */
public class Tester {

    /**
     * Converts a snake_case string to CamelCase.
     *
     * @param snakeStr The snake_case string to convert.
     * @return The converted CamelCase string.
     */
    public static String snakeToCamel(String snakeStr) {
        // Split the snake_case string into words
        String[] words = snakeStr.split("_");

        // Capitalize the first letter of each word and join them
        StringBuilder camelCaseStr = new StringBuilder();
        for (String word : words) {
            if (!word.isEmpty()) {
                camelCaseStr.append(Character.toUpperCase(word.charAt(0)));
                camelCaseStr.append(word.substring(1));
            }
        }
        return camelCaseStr.toString();
    }

    @Test
    public void testBasicConversion() {
        // Test basic snake_case to CamelCase conversion
        assertEquals("HelloWorld", snakeToCamel("hello_world"));
    }

    @Test
    public void testMultipleWords() {
        // Test conversion of a snake_case string with multiple words
        assertEquals("ThisIsATest", snakeToCamel("this_is_a_test"));
    }

    @Test
    public void testWithNumbers() {
        // Test conversion with numbers in the string
        assertEquals("ConvertThis123String", snakeToCamel("convert_this_123_string"));
    }

    @Test
    public void testLeadingTrailingUnderscores() {
        // Test conversion with leading and trailing underscores
        assertEquals("LeadingAndTrailing", snakeToCamel("_leading_and_trailing_"));
        assertEquals("MultipleUnderscores", snakeToCamel("___multiple___underscores___"));
    }

    @Test
    public void testEmptyString() {
        // Test conversion of an empty string
        assertEquals("", snakeToCamel(""));
    }
}
```

### Explanation:
1. **Package Declaration**:
   ```java
   package org.real.temp;
   ```

2. **Import Statements**:
   ```java
   import org.junit.Test;
   import static org.junit.Assert.assertEquals;
   ```

3. **Class Definition**:
   ```java
   public class Tester {
   ```

4. **Method Definition**:
   ```java
   public static String snakeToCamel(String snakeStr) {
       // Split the snake_case string into words
       String[] words = snakeStr.split("_");

       // Capitalize the first letter of each word and join them
       StringBuilder camelCaseStr = new StringBuilder();
       for (String word : words) {
           if (!word.isEmpty()) {
               camelCaseStr.append(Character.toUpperCase(word.charAt(0)));
               camelCaseStr.append(word.substring(1));
           }
       }
       return camelCaseStr.toString();
   }
   ```

5. **JUnit Test Methods**:
   - `testBasicConversion`: Tests basic snake_case to CamelCase conversion.
   - `testMultipleWords`: Tests conversion of a snake_case string with multiple words.
   - `testWithNumbers`: Tests conversion with numbers in the string.
   - `testLeadingTrailingUnderscores`: Tests conversion with leading and trailing underscores.
   - `testEmptyString`: Tests conversion of an empty string.

Each test method uses the `@Test` annotation and the `assertEquals` method from JUnit to verify the expected results. This ensures that the functionality and logic of the tests are preserved and adhere to Java's syntax and conventions.