Sure! Below is the equivalent Java JUnit test case for your Python `unittest` class. The package name is `org.real.temp`, and the class name is `Tester`.

First, let's define the `camelToSnake` method in Java:

```java
package org.real.temp;

public class StringUtils {
    /**
     * Convert a CamelCase string to snake_case.
     *
     * @param camelStr The CamelCase string to convert.
     * @return The converted snake_case string.
     */
    public static String camelToSnake(String camelStr) {
        if (camelStr == null || camelStr.isEmpty()) {
            return camelStr;
        }

        StringBuilder result = new StringBuilder();
        result.append(Character.toLowerCase(camelStr.charAt(0)));

        for (int i = 1; i < camelStr.length(); i++) {
            char ch = camelStr.charAt(i);
            if (Character.isUpperCase(ch)) {
                result.append("_").append(Character.toLowerCase(ch));
            } else {
                result.append(ch);
            }
        }

        return result.toString();
    }
}
```

Now, let's write the JUnit test case for the `StringUtils` class:

```java
package org.real.temp;

import org.junit.jupiter.api.Test;
import static org.junit.jupiter.api.Assertions.assertEquals;

public class Tester {

    @Test
    public void testCamelToSnake() {
        assertEquals("hello_world", StringUtils.camelToSnake("HelloWorld"));
        assertEquals("this_is_a_test_string", StringUtils.camelToSnake("ThisIsATestString"));
        assertEquals("", StringUtils.camelToSnake(""));
        assertEquals(null, StringUtils.camelToSnake(null));
        assertEquals("already_snake_case", StringUtils.camelToSnake("already_snake_case"));
    }
}
```

In this Java test case, we use `@Test` annotation to mark the methods that contain test cases. We use `assertEquals` from JUnit to compare expected and actual results. The `testCamelToSnake` method tests various scenarios including empty strings, null values, and already snake-cased strings.