Certainly! Here is the equivalent Jest test suite for the given Python unittest class. I will ensure that the functionality and logic of the tests are maintained, and any necessary changes due to language differences are documented.

### Python Code:
```python
import unittest

class TestConvertToCommaSeparated(unittest.TestCase):
    def test_basic_separators(self):
        self.assertEqual(convert_to_comma_separated("apple;banana*orange/mango"), "apple,banana,orange,mango",
                         "Failed to convert basic separators.")

    def test_mixed_separators(self):
        self.assertEqual(convert_to_comma_separated("grapes;lemon/melon*kiwi;litchi"), "grapes,lemon,melon,kiwi,litchi",
                         "Failed to convert mixed separators in a string.")

    def test_mixed_separators2(self):
        self.assertEqual(convert_to_comma_separated("grapes/lemon/melon*kiwi*litchi"), "grapes,lemon,melon,kiwi,litchi",
                         "Failed to convert mixed separators in a string.")

    def test_no_separators(self):
        self.assertEqual(convert_to_comma_separated("watermelon"), "watermelon",
                         "Failed when no separators are present.")
```

### Equivalent Jest Test Suite:

```javascript
const convertToCommaSeparated = require('./convertToCommaSeparated'); // Import the function to be tested

describe('TestConvertToCommaSeparated', () => {
    it('should convert basic separators correctly', () => {
        expect(convertToCommaSeparated("apple;banana*orange/mango")).toBe("apple,banana,orange,mango");
    });

    it('should convert mixed separators in a string correctly', () => {
        expect(convertToCommaSeparated("grapes;lemon/melon*kiwi;litchi")).toBe("grapes,lemon,melon,kiwi,litchi");
    });

    it('should convert mixed separators in a string correctly (second test)', () => {
        expect(convertToCommaSeparated("grapes/lemon/melon*kiwi*litchi")).toBe("grapes,lemon,melon,kiwi,litchi");
    });

    it('should handle strings with no separators correctly', () => {
        expect(convertToCommaSeparated("watermelon")).toBe("watermelon");
    });
});
```

### Explanation:
1. **Import the Function**:
   - The `convertToCommaSeparated` function is imported at the beginning of the test file using `require`. This assumes that the function is exported from another module named `convertToCommaSeparated.js`.

2. **Describe Block**:
   - The `describe` block is used to group related tests together. It takes a descriptive string and a callback function that contains the tests.

3. **It Blocks**:
   - Each `it` block represents a single test case. It takes a descriptive string and a callback function that contains the assertions.

4. **Assertions**:
   - The `expect` function is used to make assertions. In this case, `toBe` is used to check if the actual result matches the expected result.

5. **Test Cases**:
   - Each test case mirrors the corresponding Python test case, ensuring that the same inputs and expected outputs are used.

### File Structure:
- Ensure that the `convertToCommaSeparated` function is properly exported in a separate file (e.g., `convertToCommaSeparated.js`).

### Example `convertToCommaSeparated.js`:
```javascript
function convertToCommaSeparated(inputString) {
    const pattern = /[\*;\/\-:]/g;
    const commaSeparatedString = inputString.replace(pattern, ',');
    return commaSeparatedString;
}

module.exports = convertToCommaSeparated;
```

This setup ensures that the Jest test suite accurately replicates the functionality and logic of the original Python unittest class.