Here’s how you can convert the provided JavaScript Jest test cases into Python unit tests using the unittest framework.
JavaScript Jest Test Case
javascript
describe('getAllAlphabets', () => {
    test('should return an array of 52 characters', () => {
        const result = getAllAlphabets();
        expect(result).toHaveLength(52);
    });
    
    test('should start with lowercase letters from a to z', () => {
        const result = getAllAlphabets();
        const lowercaseAlphabets = result.slice(0, 26);
        expect(lowercaseAlphabets).toEqual([
            'a', 'b', 'c', 'd', 'e', 'f', 'g', 'h', 'i', 'j', 'k', 'l', 'm',
            'n', 'o', 'p', 'q', 'r', 's', 't', 'u', 'v', 'w', 'x', 'y', 'z'
        ]);
    });

    test('should end with uppercase letters from A to Z', () => {
        const result = getAllAlphabets();
        const uppercaseAlphabets = result.slice(26);
        expect(uppercaseAlphabets).toEqual([
            'A', 'B', 'C', 'D', 'E', 'F', 'G', 'H', 'I', 'J', 'K', 'L', 'M',
            'N', 'O', 'P', 'Q', 'R', 'S', 'T', 'U', 'V', 'W', 'X', 'Y', 'Z'
        ]);
    });

    test('should return "a" as the first element', () => {
        const result = getAllAlphabets();
        expect(result[0]).toBe('a');
    });

    test('should return "Z" as the last element', () => {
        const result = getAllAlphabets();
        expect(result[result.length - 1]).toBe('Z');
    });
});
Converted Python Unittest Code
python
import unittest

def get_all_alphabets():
    # Implementation of the function
    return [chr(97 + index) if index < 26 else chr(65 + index - 26) for index in range(52)]

class TestGetAllAlphabets(unittest.TestCase):
    
    def test_return_length(self):
        result = get_all_alphabets()
        self.assertEqual(len(result), 52)
    
    def test_lowercase_alphabets(self):
        result = get_all_alphabets()
        lowercase_alphabets = result[:26]
        self.assertEqual(lowercase_alphabets, [
            'a', 'b', 'c', 'd', 'e', 'f', 'g', 'h', 'i', 'j', 'k', 'l', 'm',
            'n', 'o', 'p', 'q', 'r', 's', 't', 'u', 'v', 'w', 'x', 'y', 'z'
        ])
    
    def test_uppercase_alphabets(self):
        result = get_all_alphabets()
        uppercase_alphabets = result[26:]
        self.assertEqual(uppercase_alphabets, [
            'A', 'B', 'C', 'D', 'E', 'F', 'G', 'H', 'I', 'J', 'K', 'L', 'M',
            'N', 'O', 'P', 'Q', 'R', 'S', 'T', 'U', 'V', 'W', 'X', 'Y', 'Z'
        ])
    
    def test_first_element(self):
        result = get_all_alphabets()
        self.assertEqual(result[0], 'a')
    
    def test_last_element(self):
        result = get_all_alphabets()
        self.assertEqual(result[-1], 'Z')

if __name__ == '__main__':
    unittest.main()
Breakdown of the Conversion:
Imports:
The unittest module is imported, which is the standard library for unit testing in Python.
Function Implementation:
The get_all_alphabets function is defined at the beginning of the script to match the JavaScript function.
Class Definition:
A test class named TestGetAllAlphabets is created, inheriting from unittest.TestCase.
Test Methods:
Each test case from the JavaScript code is converted into a method within the Python test class. The naming convention for methods is to use test_ as a prefix.
The assertions from Jest (expect(...).toHaveLength(...) and expect(...).toEqual(...)) are converted to self.assertEqual(...) in Python.
Main Block:
The if __name__ == '__main__': block is added to run the tests when the script is executed directly.
This Python code structure will allow you to run unit tests similar to the original JavaScript Jest tests, checking for the same conditions and ensuring that the get_all_alphabets function behaves as expected.