Certainly! Below is the conversion of the Python unittest test class into an equivalent Jest test suite. I will ensure that the functionality and logic of the tests are maintained, and any necessary changes due to language differences between Python and JavaScript are documented.

### Python unittest Test Class

```python
import re
import unittest

def is_valid_email(email: str) -> bool:
    """
    Verifies if the provided string is a valid email address.

    Args:
        email (str): The email address to validate.

    Returns:
        bool: True if the email address is valid, False otherwise.
    """
    email_pattern = r"^[a-zA-Z0-9._%+-]+@[a-zA-Z0-9.-]+\.[a-zA-Z]{2,}$"
    return re.match(email_pattern, email) is not None

class TestEmailValidation(unittest.TestCase):

    def test_valid_email(self):
        self.assertTrue(is_valid_email('example@example.com'))

    def test_invalid_email(self):
        self.assertFalse(is_valid_email('not-an-email'))

    def test_empty_string(self):
        self.assertFalse(is_valid_email(''))

    def test_leading_whitespace(self):
        self.assertFalse(is_valid_email(' example@example.com'))

    def test_trailing_whitespace(self):
        self.assertFalse(is_valid_email('example@example.com '))

    def test_special_characters(self):
        self.assertFalse(is_valid_email('example@example.com@extra'))

if __name__ == '__main__':
    unittest.main()
```

### JavaScript Jest Test Suite

Here is the equivalent Jest test suite:

```javascript
const re = require('re');

function isValidEmail(email) {
    /**
     * Verifies if the provided string is a valid email address.
     *
     * @param {string} email - The email address to validate.
     * @returns {boolean} - True if the email address is valid, false otherwise.
     */
    const emailPattern = /^[a-zA-Z0-9._%+-]+@[a-zA-Z0-9.-]+\.[a-zA-Z]{2,}$/;
    return emailPattern.test(email);
}

describe('Email Validation', () => {
    it('should validate a valid email', () => {
        expect(isValidEmail('example@example.com')).toBe(true);
    });

    it('should invalidate an invalid email', () => {
        expect(isValidEmail('not-an-email')).toBe(false);
    });

    it('should invalidate an empty string', () => {
        expect(isValidEmail('')).toBe(false);
    });

    it('should invalidate an email with leading whitespace', () => {
        expect(isValidEmail(' example@example.com')).toBe(false);
    });

    it('should invalidate an email with trailing whitespace', () => {
        expect(isValidEmail('example@example.com ')).toBe(false);
    });

    it('should invalidate an email with special characters', () => {
        expect(isValidEmail('example@example.com@extra')).toBe(false);
    });
});

// Example usage
console.log(isValidEmail('example@example.com'));  // Should return true
console.log(isValidEmail('not-an-email'));         // Should return false
```

### Explanation:
1. **Function Definition**:
   - The `is_valid_email` function is renamed to `isValidEmail` to follow JavaScript naming conventions.
   - The regular expression pattern remains the same.

2. **Jest Test Suite**:
   - The `describe` block is used to group related tests together.
   - Each test case is defined using `it`, which describes the expected behavior.
   - Assertions are made using `expect` and `toBe` matcher functions.

3. **Test Cases**:
   - `test_valid_email` is converted to `it('should validate a valid email', ...)` to check if a valid email is correctly identified.
   - `test_invalid_email` is converted to `it('should invalidate an invalid email', ...)` to check if an invalid email is correctly identified.
   - Similar conversions are made for other test cases.

4. **Assertions**:
   - `assertTrue` and `assertFalse` from Python are mapped to `expect(...).toBe(true)` and `expect(...).toBe(false)` in Jest.

This conversion ensures that the functionality and logic of the tests are preserved while adhering to Jest's syntax and conventions.