Certainly! Here’s the equivalent Jest test suite for the given Python `unittest` test class. I’ll ensure that the functionality and logic of the tests are maintained, and any necessary changes due to language differences are documented.

### Python Code

```python
import unittest

def camel_to_snake(camel_str: str) -> str:
    """
    Convert a CamelCase string to snake_case.

    Args:
        camel_str (str): The CamelCase string to convert.

    Returns:
        str: The converted snake_case string.
    """
    return re.sub(r'(?<!^)(?=[A-Z])', '_', camel_str).lower()

class TestCamelToSnake(unittest.TestCase):
    def test_basic_conversion(self):
        """ Test basic CamelCase to snake_case conversion. """
        self.assertEqual(camel_to_snake("HelloWorld"), "hello_world")

    def test_multiple_words(self):
        """ Test conversion of a CamelCase string with multiple words. """
        self.assertEqual(camel_to_snake("ThisIsATest"), "this_is_a_test")

    def test_with_numbers(self):
        """ Test conversion with numbers in the string. """
        self.assertEqual(camel_to_snake("ConvertThis123String"), "convert_this123_string")

    def test_leading_uppercase(self):
        """ Test conversion with leading uppercase letters. """
        self.assertEqual(camel_to_snake("PythonFunction"), "python_function")

    def test_empty_string(self):
        """ Test conversion of an empty string. """
        self.assertEqual(camel_to_snake(""), "")


if __name__ == '__main__':
    unittest.main()
```

### JavaScript Code with Jest

```javascript
const { camelToSnake } = require('./camelToSnake'); // Assuming camelToSnake is exported from another file

describe('TestCamelToSnake', () => {
    it('test basic CamelCase to snake_case conversion', () => {
        expect(camelToSnake("HelloWorld")).toBe("hello_world");
    });

    it('test conversion of a CamelCase string with multiple words', () => {
        expect(camelToSnake("ThisIsATest")).toBe("this_is_a_test");
    });

    it('test conversion with numbers in the string', () => {
        expect(camelToSnake("ConvertThis123String")).toBe("convert_this123_string");
    });

    it('test conversion with leading uppercase letters', () => {
        expect(camelToSnake("PythonFunction")).toBe("python_function");
    });

    it('test conversion of an empty string', () => {
        expect(camelToSnake("")).toBe("");
    });
});

// camelToSnake.js
function camelToSnake(camelStr) {
    /**
     * Convert a CamelCase string to snake_case.
     *
     * @param {string} camelStr - The CamelCase string to convert.
     * @returns {string} The converted snake_case string.
     */
    return camelStr.replace(/(?<!^)(?=[A-Z])/g, '_').toLowerCase();
}

module.exports = { camelToSnake };
```

### Explanation:
1. **Importing the Function**:
   - In JavaScript, we assume that the `camelToSnake` function is exported from another file (`camelToSnake.js`). We import it using `require` or `import` depending on the module system being used.

2. **Describe Block**:
   - The `describe` block in Jest is used to group related tests together. It takes a description string and a callback function containing the tests.

3. **It Blocks**:
   - Each `it` block represents a single test case. The first argument is a description of the test, and the second argument is a callback function that contains the test logic.

4. **Expect Assertions**:
   - The `expect` function is used to make assertions. In this case, we use `toBe` to check if the result matches the expected value.

5. **Function Implementation**:
   - The `camelToSnake` function is implemented in a separate file (`camelToSnake.js`) and exported for use in the test suite.

This setup ensures that the functionality and logic of the tests are preserved, and the structure is clear and follows Jest conventions.