Certainly! Here is the equivalent C++ test class using the Catch2 testing framework. I will ensure that the functionality and logic of the tests are preserved, and use appropriate assertions in Catch2.

First, make sure you have Catch2 installed and included in your project. You can download Catch2 from [here](https://github.com/catchorg/Catch2).

Here is the C++ code:

```cpp
#include <catch2/catch_test_macros.hpp>
#include <string>
#include <regex>

// Convert a CamelCase string to snake_case.
//
// Args:
//     camel_str (const std::string&): The CamelCase string to convert.
//
// Returns:
//     std::string: The converted snake_case string.
std::string camel_to_snake(const std::string& camel_str) {
    std::string snake_case_str;
    std::regex reg("(.)([A-Z][a-z]+)");
    std::regex reg2("([a-z0-9])([A-Z])");

    // Insert underscores before each uppercase letter and convert to lowercase
    snake_case_str = std::regex_replace(camel_str, reg, "$1_$2");
    snake_case_str = std::regex_replace(snake_case_str, reg2, "$1_$2");

    // Convert the entire string to lowercase
    std::transform(snake_case_str.begin(), snake_case_str.end(), snake_case_str.begin(), ::tolower);

    return snake_case_str;
}

TEST_CASE("Test CamelCase to snake_case conversion", "[camel_to_snake]") {
    SECTION("Basic conversion") {
        REQUIRE(camel_to_snake("HelloWorld") == "hello_world");
    }

    SECTION("Multiple words") {
        REQUIRE(camel_to_snake("ThisIsATest") == "this_is_a_test");
    }

    SECTION("With numbers") {
        REQUIRE(camel_to_snake("ConvertThis123String") == "convert_this123_string");
    }

    SECTION("Leading uppercase") {
        REQUIRE(camel_to_snake("PythonFunction") == "python_function");
    }

    SECTION("Empty string") {
        REQUIRE(camel_to_snake("") == "");
    }
}
```

### Explanation:
1. **Headers**:
   - `<catch2/catch_test_macros.hpp>`: Include the Catch2 header for testing.
   - `<string>`: For string manipulation.
   - `<regex>`: For regular expressions.

2. **Function `camel_to_snake`**:
   - The function signature includes the parameter type `const std::string&` and the return type `std::string`.
   - The function is documented using C++ style comments.

3. **Catch2 Test Class**:
   - `TEST_CASE` is used to define a test case.
   - Each `SECTION` within the test case corresponds to a specific test scenario.
   - `REQUIRE` is used for assertions to check the expected results.

4. **Tests**:
   - `Basic conversion`: Tests the basic CamelCase to snake_case conversion.
   - `Multiple words`: Tests conversion of a CamelCase string with multiple words.
   - `With numbers`: Tests conversion with numbers in the string.
   - `Leading uppercase`: Tests conversion with leading uppercase letters.
   - `Empty string`: Tests conversion of an empty string.

This C++ code preserves the original functionality and logic of the Python tests while adhering to the Catch2 testing framework conventions.