Sure! Here is how you can translate your Python unittest test class into a TypeScript test case using Jest:

```typescript
import { describe, it, expect } from '@jest/globals';

describe('camelToSnake', () => {
  it('should convert CamelCase strings to snake_case', () => {
    const camelStr = 'thisIsCamelCase';
    const expected = 'this_is_camel_case';
    
    // Assuming camelToSnake function is implemented in some file like utils.ts
    // For demonstration purposes, I'll define it here:
    function camelToSnake(camelStr: string): string {
      return camelStr.replace(/([a-z])([A-Z])/g, '$1_$2').toLowerCase();
    }

    expect(camelToSnake(camelStr)).toBe(expected);
  });

  it('should handle empty strings correctly', () => {
    const camelStr = '';
    const expected = '';

    expect(camelToSnake(camelStr)).toBe(expected);
  });

  it('should handle already snake_case strings correctly', () => {
    const camelStr = 'already_snake_case';
    const expected = 'already_snake_case';

    expect(camelToSnake(camelStr)).toBe(expected);
  });
});
```

### Explanation:

1. **Importing Jest**: We import `describe`, `it`, and `expect` from `@jest/globals`.
  
2. **Describe Block**: We create a `describe` block for our test suite, naming it `camelToSnake`.

3. **Test Cases**:
   - The first test case checks if the function converts a typical CamelCase string to snake_case.
   - The second test case ensures that an empty string remains unchanged.
   - The third test case verifies that a string that is already in snake_case remains unchanged.

4. **Implementation of `camelToSnake` Function**: 
   - This function uses a regular expression to find places where a lowercase letter (`[a-z]`) is followed by an uppercase letter (`[A-Z]`) and inserts an underscore between them. It then converts the entire string to lowercase.

This setup should work well with Jest, assuming you have Jest installed and configured in your project.