To convert the provided JavaScript Jest test cases into Python using the unittest framework, you'll follow a structured approach that includes defining a test class and writing individual test methods to match each of the Jest tests.
Here's how the JavaScript Jest test cases can be translated into Python's unittest:
JavaScript Jest Test Cases
javascript
describe('replaceHtmlEntities', () => {
    test('decodes standard HTML entities', () => {
        const input = 'The &amp; symbol should become an &quot;and&quot; sign.';
        const expected = 'The & symbol should become an "and" sign.';
        expect(replaceHtmlEntities(input)).toBe(expected);
    });

    test('returns empty string for empty input', () => {
        const input = '';
        const expected = '';
        expect(replaceHtmlEntities(input)).toBe(expected);
    });

    test('decodes multiple different entities in one string', () => {
        const input = '&lt;div&gt;Hello &amp; Welcome to the &apos;World&apos;!&lt;/div&gt;';
        const expected = '<div>Hello & Welcome to the \'World\'!</div>';
        expect(replaceHtmlEntities(input)).toBe(expected);
    });

    test('handles strings with no entities', () => {
        const input = 'Just a normal string without entities.';
        const expected = 'Just a normal string without entities.';
        expect(replaceHtmlEntities(input)).toBe(expected);
    });
});
Converted Python unittest Test Cases
python
import unittest
import html

# Assuming the replace_html_entities function is already defined

def replace_html_entities(html_string: str) -> str:
    """ Decodes HTML entities in a given HTML string. """
    if not isinstance(html_string, str):
        raise TypeError('Input must be a string.')
    return html.unescape(html_string)

class TestReplaceHtmlEntities(unittest.TestCase):

    def test_decodes_standard_html_entities(self):
        input_string = 'The &amp; symbol should become an &quot;and&quot; sign.'
        expected = 'The & symbol should become an "and" sign.'
        self.assertEqual(replace_html_entities(input_string), expected)

    def test_returns_empty_string_for_empty_input(self):
        input_string = ''
        expected = ''
        self.assertEqual(replace_html_entities(input_string), expected)

    def test_decodes_multiple_different_entities_in_one_string(self):
        input_string = '&lt;div&gt;Hello &amp; Welcome to the &apos;World&apos;!&lt;/div&gt;'
        expected = '<div>Hello & Welcome to the \'World\'!</div>'
        self.assertEqual(replace_html_entities(input_string), expected)

    def test_handles_strings_with_no_entities(self):
        input_string = 'Just a normal string without entities.'
        expected = 'Just a normal string without entities.'
        self.assertEqual(replace_html_entities(input_string), expected)

if __name__ == '__main__':
    unittest.main()
Breakdown of the Converted Code:
Imports:
import unittest: This imports the unittest module, which is used for creating unit tests in Python.
import html: This imports the html module to use the unescape function for decoding HTML entities.
Function Definition:
The replace_html_entities function is defined, which is assumed to be the same as the previously discussed Python function.
Test Class:
class TestReplaceHtmlEntities(unittest.TestCase): This defines a test class that inherits from unittest.TestCase.
Test Methods:
Each test case from the JavaScript version is converted to a method in the TestReplaceHtmlEntities class.
The method names are descriptive and follow Python's naming conventions (snake_case).
Each test uses self.assertEqual() to check that the output of replace_html_entities matches the expected value.
Execution Block:
The block if __name__ == '__main__': allows the script to be run directly, executing all tests in the defined class.
This structure provides a clear and organized way to test the replace_html_entities function in Python, similar to how it would be done in JavaScript using Jest.