Since there's no provided Python unittest class to convert, I'll assume you want to create a testing class for the `extract_sld_tld` function. First, let's write a simple Python unittest class for this function, and then we will convert it to Jest.

### Python Unittest Example

```python
import unittest
from typing import Tuple

def extract_sld_tld(fqdn: str) -> Tuple[str, str]:
    parts = fqdn.split('.')
    if len(parts) >= 2:
        sld = '.'.join(parts[-3:-1]) if len(parts) > 2 else parts[0]
        tld = parts[-1]
        return sld, tld
    return '', ''

class TestExtractSLDTLD(unittest.TestCase):
    
    def test_valid_fqdns(self):
        self.assertEqual(extract_sld_tld("example.com"), ("example", "com"))
        self.assertEqual(extract_sld_tld("subdomain.example.com"), ("subdomain.example", "com"))
        self.assertEqual(extract_sld_tld("www.subdomain.example.com"), ("www.subdomain.example", "com"))

    def test_invalid_fqdns(self):
        self.assertEqual(extract_sld_tld("example"), ("", ""))
        self.assertEqual(extract_sld_tld("example."), ("example", ""))
        self.assertEqual(extract_sld_tld(".com"), ("", "com"))

if __name__ == '__main__':
    unittest.main()
```

### JavaScript Jest Conversion

Now, let's convert this Python unittest class to a Jest test suite:

```javascript
function extractSldTld(fqdn) {
    const parts = fqdn.split('.');
    if (parts.length >= 2) {
        const sld = parts.length > 2 ? parts.slice(-3, -1).join('.') : parts[0];
        const tld = parts[parts.length - 1];
        return [sld, tld];
    }
    return ['', ''];
}

describe('Test extractSldTld', () => {
    describe('Valid FQDNs', () => {
        it('should correctly extract SLD and TLD for valid FQDNs', () => {
            expect(extractSldTld('example.com')).toEqual(['example', 'com']);
            expect(extractSldTld('subdomain.example.com')).toEqual(['subdomain.example', 'com']);
            expect(extractSldTld('www.subdomain.example.com')).toEqual(['www.subdomain.example', 'com']);
        });
    });

    describe('Invalid FQDNs', () => {
        it('should handle invalid FQDNs correctly', () => {
            expect(extractSldTld('example')).toEqual(['', '']);
            expect(extractSldTld('example.')).toEqual(['example', '']);
            expect(extractSldTld('.com')).toEqual(['', 'com']);
        });
    });
});
```

### Explanation of Changes

1. **Function Definition**: The Python function `extract_sld_tld` has been converted to a JavaScript function `extractSldTld`.
2. **Splitting Logic**: The `.split()` method is used similarly in JavaScript.
3. **Tuple vs Array**: In JavaScript, arrays are used instead of tuples. The function returns an array `[sld, tld]`.
4. **Testing Framework**: The Python `unittest` framework is replaced with Jest. `describe` blocks are used to group tests, and `it` blocks define individual test cases.
5. **Assertions**: The `assertEqual` method from Python is replaced with `expect` and `toEqual` in Jest.

This conversion maintains the functionality and logic of the original Python tests while adapting them to Jest.